Date,AAPL,MSFT,YHOO,DB,GLD
2010-01-04,28.588685,26.593966,17.1,61.392277,109.800003
2010-01-05,28.638111,26.602557,17.23,62.565957,109.699997
2010-01-06,28.182584,26.439299,17.17,61.484485,111.510002
2010-01-07,28.130486,26.164338,16.700001,62.180321,110.82
2010-01-08,28.317506,26.344781,16.700001,64.427088,111.370003
2010-01-11,28.067701,26.009671,16.74,64.066608,112.849998
2010-01-12,27.748431,25.83782,16.68,62.121635,110.489998
2010-01-13,28.139837,26.078412,16.9,61.786286,111.540001
2010-01-14,27.976862,26.602557,17.120001,61.450956,112.029999
2010-01-15,27.509312,26.516632,16.82,58.458053,110.860001
2010-01-19,28.726277,26.722854,16.75,59.288018,111.519997
2010-01-20,28.284109,26.284633,16.379999,57.577781,108.940002
2010-01-21,27.795185,25.786265,16.200001,54.995672,107.370003
2010-01-22,26.416581,24.884045,15.88,52.094983,107.169998
2010-01-25,27.127257,25.193378,15.86,53.553713,107.480003
2010-01-26,27.510648,25.348044,15.99,51.801558,107.559998
2010-01-27,27.769805,25.494118,15.98,52.489012,106.529999
2010-01-28,26.622302,25.055897,15.44,51.550064,106.480003
2010-01-29,25.656478,24.213827,15.01,51.114115,105.959999
2010-02-01,26.013151,24.411455,15.05,53.19322,108.349998
2010-02-02,26.164103,24.454417,15.17,54.828,109.129997
2010-02-03,26.614287,24.600491,15.46,53.721381,108.699997
2010-02-04,25.655142,23.92168,15.01,49.965581,104.370003
2010-02-05,26.110669,24.076346,15.19,49.915281,104.68
2010-02-08,25.931664,23.818568,14.99,48.540384,104.040001
2010-02-09,26.208187,24.067753,15.07,52.162055,105.410004
2010-02-10,26.065251,24.050568,14.8,52.597991,105.120003
2010-02-11,26.539479,24.162272,15.22,51.80994,107.129997
2010-02-12,26.76791,23.999013,15.17,50.778775,107.040001
2010-02-16,27.171339,24.473814,15.41,53.469877,109.620003
2010-02-17,27.057793,24.681,15.44,53.184838,109.25
2010-02-18,27.108555,25.009043,15.54,54.308228,109.980003
2010-02-19,26.940236,24.836389,15.58,54.433978,109.470001
2010-02-22,26.773254,24.801858,15.49,54.408825,109.07
2010-02-23,26.324406,24.456548,15.38,51.986001,107.889999
2010-02-24,26.805315,24.71553,15.59,52.883034,107.360001
2010-02-25,26.984321,24.689633,15.24,52.53093,108.309998
2010-02-26,27.334314,24.750062,15.31,53.235135,109.43
2010-03-01,27.918085,25.052208,15.79,53.914196,109.43
2010-03-02,27.899382,24.568773,15.73,54.358528,111.019997
2010-03-03,27.963503,24.568773,15.57,55.800487,111.629997
2010-03-04,28.147852,24.71553,15.81,56.588537,110.830002
2010-03-05,29.248599,24.681,16.059999,58.189782,110.809998
2010-03-08,29.265964,24.71553,16.52,58.17301,109.879997
2010-03-09,29.792293,24.862286,16.530001,58.684404,109.720001
2010-03-10,30.035417,25.009043,16.790001,59.24609,108.470001
2010-03-11,30.123586,25.190331,16.530001,59.992226,108.599998
2010-03-12,30.27053,25.268026,16.32,60.729977,107.949997
2010-03-15,29.901832,25.285292,16.459999,60.512005,108.360001
2010-03-16,29.98332,25.354354,16.360001,62.5408,110.400002
2010-03-17,29.939237,25.578804,16.5,63.144422,109.589996
2010-03-18,30.010037,25.561539,16.559999,62.121635,110.339996
2010-03-19,29.689431,25.544274,16.440001,61.501256,108.279999
2010-03-22,30.023396,25.552907,16.34,61.543171,107.75
2010-03-23,30.505639,25.794622,16.030001,62.096485,108.32
2010-03-24,30.640562,25.59607,16.09,61.786286,106.300003
2010-03-25,30.277208,25.906849,16.32,62.783929,106.779999
2010-03-26,30.844948,25.604703,16.540001,64.955252,108.589996
2010-03-29,31.04399,25.544274,16.559999,65.919346,108.75
2010-03-30,31.506196,25.699663,16.610001,65.40796,107.970001
2010-03-31,31.392651,25.285292,16.530001,64.443866,108.949997
2010-04-01,31.522227,25.173066,16.290001,65.768453,110.260002
2010-04-05,31.858863,25.268026,16.51,66.455896,110.889999
2010-04-06,31.99913,25.311189,16.92,65.651081,111.029999
2010-04-07,32.14073,25.337088,16.870001,64.016308,112.489998
2010-04-08,32.0539,25.829154,17.35,63.756422,112.650002
2010-04-09,32.299696,26.191729,17.52,65.600781,113.639999
2010-04-12,32.36649,26.174463,17.639999,66.087025,113.010002
2010-04-13,32.385193,26.28669,18.18,65.952882,112.690002
2010-04-14,32.820681,26.6061,18.379999,68.392484,113.029999
2010-04-15,33.252164,26.649265,18.969999,68.509848,113.650002
2010-04-16,33.049113,26.476609,18.17,62.180321,111.239998
2010-04-19,33.00503,26.796021,18.389999,61.677306,111.150002
2010-04-20,32.673737,27.072269,18.379999,62.674943,111.459999
2010-04-21,34.628097,27.04637,17.450001,62.104864,112.309998
2010-04-22,35.596592,27.098166,17.719999,60.889256,111.839996
2010-04-23,36.179025,26.726958,17.639999,60.444934,113.190002
2010-04-26,36.001358,26.85645,17.389999,61.333585,112.75
2010-04-27,35.004807,26.631999,16.92,57.594546,114.629997
2010-04-28,34.946031,26.683795,16.75,58.424518,114.309998
2010-04-29,35.886475,26.76149,16.969999,59.799412,114.279999
2010-04-30,34.877903,26.364384,16.530001,57.577781,115.360001
2010-05-03,35.580562,26.640632,16.950001,58.12271,115.730003
2010-05-04,34.555959,26.010441,16.32,55.372929,114.870003
2010-05-05,34.196614,25.768725,16.49,53.662702,115.089996
2010-05-06,32.895488,25.017676,15.92,49.529641,118.489998
2010-05-07,31.507534,24.352955,15.29,49.588324,118.269997
2010-05-10,33.929443,24.983146,16.33,54.953754,117.57
2010-05-11,34.267414,24.931348,16.41,53.863899,120.660004
2010-05-12,35.011488,25.414783,16.469999,54.517814,121.400002
2010-05-13,34.513214,25.242127,16.139999,52.723745,120.559998
2010-05-14,33.906732,24.974513,16.389999,51.030282,120.370003
2010-05-17,33.960167,24.983146,16.27,51.340475,119.360001
2010-05-18,33.711699,24.801039,16.030001,49.579941,119.489998
2010-05-19,33.174683,24.488858,15.79,50.68656,116.629997
2010-05-20,31.761345,23.508958,15.1,49.043395,115.839996
2010-05-21,32.370496,23.274821,15.48,50.4602,115.220001
2010-05-24,32.963616,22.780535,15.54,48.615837,116.839996
2010-05-25,32.757896,22.607101,15.31,49.286516,117.360001
2010-05-26,32.609615,21.687902,15.45,47.95354,118.470001
2010-05-27,33.843947,22.546399,15.69,52.002765,118.690002
2010-05-28,34.315506,22.372965,15.34,50.551641,118.879997
2010-06-01,34.843169,22.45101,15.02,49.041122,119.910004
2010-06-02,35.259956,22.945296,15.18,50.466782,119.779999
2010-06-03,35.149079,23.292165,15.43,50.161285,117.959999
2010-06-04,34.192608,22.364294,15.0,46.95354,119.190002
2010-06-07,33.522007,21.93071,14.94,46.070993,121.489998
2010-06-08,33.306934,21.774619,14.79,47.292984,121.0
2010-06-09,32.488054,21.497125,14.69,47.080833,120.559998
2010-06-10,33.464565,21.67923,15.1,48.95626,118.970001
2010-06-11,33.865321,22.251562,15.29,49.720009,120.010002
2010-06-14,33.968182,22.112815,15.17,49.541801,119.599998
2010-06-15,34.690882,23.049357,15.65,52.469499,120.989998
2010-06-16,35.700788,22.823893,15.49,52.299779,120.330002
2010-06-17,36.317954,22.867253,15.6,52.842889,121.900002
2010-06-18,36.611846,22.927954,15.54,52.596792,122.830002
2010-06-21,36.09086,22.503041,15.21,52.12157,120.389999
2010-06-22,36.582456,22.346951,15.09,50.874118,121.449997
2010-06-23,36.197728,21.948052,15.23,50.942,120.949997
2010-06-24,35.934563,21.67923,14.83,49.601202,121.300003
2010-06-25,35.627316,21.271661,14.81,50.059453,122.760002
2010-06-28,35.841055,21.080883,14.73,50.076423,121.089996
2010-06-29,34.22066,20.213714,14.04,47.488169,121.269997
2010-06-30,33.600822,19.953564,13.84,47.657892,121.68
2010-07-01,33.193385,20.083639,14.09,48.557416,117.040001
2010-07-02,32.987662,20.179028,14.07,47.94641,118.489998
2010-07-06,33.213422,20.65597,14.13,48.676224,116.510002
2010-07-07,34.554625,21.072211,14.4,51.782127,117.730003
2010-07-08,34.477143,21.1676,14.6,53.275679,117.209999
2010-07-09,34.681529,21.046197,14.89,53.436918,118.360001
2010-07-12,34.370276,21.531811,14.94,52.817428,117.339996
2010-07-13,33.636889,21.791961,15.52,54.234603,118.360001
2010-07-14,33.761125,22.060785,15.37,54.404327,118.300003
2010-07-15,33.590135,22.121487,15.37,54.217637,118.230003
2010-07-16,33.383078,21.583841,14.9,51.960335,116.669998
2010-07-19,32.805988,21.878679,15.1,52.12157,115.730003
2010-07-20,33.648914,22.095471,15.2,52.520415,116.650002
2010-07-21,33.962839,21.783291,13.91,51.272963,115.849998
2010-07-22,34.601379,22.407652,13.88,54.540101,116.860001
2010-07-23,34.724277,22.381637,13.99,54.769232,116.089996
2010-07-26,34.636112,22.633116,14.15,56.160956,115.519997
2010-07-27,35.277324,22.685146,13.95,57.756337,113.510002
2010-07-28,34.860534,22.503041,13.87,58.435225,113.779999
2010-07-29,34.479815,22.572415,13.76,59.419606,114.290001
2010-07-30,34.364932,22.381637,13.88,59.606306,115.489998
2010-08-02,34.979426,22.832565,14.0,61.736312,115.540001
2010-08-03,34.990114,22.685146,13.94,62.720701,115.989998
2010-08-04,35.13038,22.312263,14.18,62.517031,116.720001
2010-08-05,34.95939,22.000083,14.16,62.958317,116.980003
2010-08-06,34.744317,22.156172,14.34,63.212888,117.839996
2010-08-09,34.966068,22.208204,14.4,62.975286,117.400002
2010-08-10,34.653477,21.739932,14.35,61.965433,117.730003
2010-08-11,33.421817,21.557827,13.87,58.384309,117.339996
2010-08-12,33.635555,21.236974,13.85,57.696933,118.769997
2010-08-13,33.276207,21.158928,13.83,56.96713,118.739998
2010-08-16,33.081174,21.245645,13.79,56.721029,119.730003
2010-08-17,33.659601,21.542055,13.94,57.535698,119.75
2010-08-18,33.806545,21.637953,13.99,57.374462,120.220001
2010-08-19,33.380406,21.306672,13.85,55.736651,120.389999
2010-08-20,33.348345,21.123594,13.79,55.108676,119.970001
2010-08-23,32.835374,21.167185,13.65,54.752255,119.779999
2010-08-24,32.051228,20.957954,13.4,53.929105,120.360001
2010-08-25,32.44664,21.010261,13.26,54.056398,121.360001
2010-08-26,32.097982,20.766158,13.21,53.292649,120.959999
2010-08-27,32.276987,20.862056,13.43,54.412818,121.010002
2010-08-30,32.394542,20.609235,13.18,53.055043,120.910004
2010-08-31,32.474695,20.461029,13.11,53.190817,122.080002
2010-09-01,33.440519,20.835902,13.37,55.066245,121.690002
2010-09-02,33.686315,20.870774,13.51,53.9376,122.290001
2010-09-03,34.567984,21.175903,13.62,54.828632,121.860001
2010-09-07,34.439742,20.888209,13.53,53.055043,122.699997
2010-09-08,35.122365,20.862056,13.75,52.579822,122.709999
2010-09-09,35.142401,20.9318,13.65,50.908064,121.559998
2010-09-10,35.187821,20.792312,13.68,51.340855,121.730003
2010-09-13,35.672736,21.890774,13.73,52.88532,121.620003
2010-09-14,35.808993,21.821031,13.63,53.920621,124.019997
2010-09-15,36.097538,21.899493,14.27,53.564211,123.940002
2010-09-16,36.945807,22.082569,14.19,52.257348,124.629997
2010-09-17,36.785504,21.986671,13.89,51.120215,124.540001
2010-09-20,37.835491,22.169749,13.86,52.155516,124.870003
2010-09-21,37.907625,21.925645,14.18,50.738341,126.010002
2010-09-22,38.439298,21.454877,14.04,46.962025,126.199997
2010-09-23,38.595591,21.297954,14.17,46.079478,126.300003
2010-09-24,39.049783,21.603082,14.5,47.276018,126.690002
2010-09-27,38.894823,21.559491,14.28,46.605612,126.720001
2010-09-28,38.320406,21.515902,14.39,46.317083,127.849998
2010-09-29,38.388534,21.358979,14.34,45.205406,127.949997
2010-09-30,37.904953,21.350261,14.17,46.614096,127.910004
2010-10-01,37.740645,21.254363,14.27,46.775335,128.910004
2010-10-04,37.222331,20.84462,14.28,46.028562,128.460007
2010-10-05,38.598263,21.22821,14.61,47.980356,130.990005
2010-10-06,38.631662,21.297954,14.52,48.565901,131.809998
2010-10-07,38.635668,21.385133,14.23,48.056733,130.369995
2010-10-08,39.283558,21.420004,14.49,47.912464,131.660004
2010-10-11,39.455886,21.437441,14.41,47.657892,132.289993
2010-10-12,39.880687,21.646671,14.43,47.437253,131.960007
2010-10-13,40.094426,22.091287,15.25,48.97323,134.070007
2010-10-14,40.384304,21.995389,15.93,48.786537,134.75
2010-10-15,42.044776,22.265647,16.25,48.090679,133.679993
2010-10-18,42.480265,22.509748,15.93,49.558771,134.279999
2010-10-19,41.343451,21.882056,15.49,48.845947,130.110001
2010-10-20,41.482379,22.065132,15.8,50.118854,131.320007
2010-10-21,41.34746,22.16103,15.97,49.507855,129.470001
2010-10-22,41.073608,22.126158,16.309999,49.804871,129.729996
2010-10-25,41.25662,21.960518,16.4,49.321158,130.850006
2010-10-26,41.151086,22.579492,16.459999,48.75259,130.880005
2010-10-27,41.1217,22.710261,16.42,48.828967,129.520004
2010-10-28,40.775711,22.910775,16.4,49.151435,131.240005
2010-10-29,40.206637,23.250774,16.49,49.117499,132.619995
2010-11-01,40.63411,23.494877,16.15,48.107649,131.919998
2010-11-02,41.326086,23.878466,16.190001,48.990206,132.490005
2010-11-03,41.785621,23.564621,16.17,48.95626,131.570007
2010-11-04,42.516335,23.660517,16.200001,50.407382,136.029999
2010-11-05,42.364048,23.407698,16.27,50.050968,136.380005
2010-11-08,42.56309,23.372825,16.440001,49.558771,137.779999
2010-11-09,42.223781,23.494877,16.969999,48.718644,135.589996
2010-11-10,42.484274,23.486159,16.940001,48.141595,137.240005
2010-11-11,42.299925,23.259492,16.799999,47.114779,137.660004
2010-11-12,41.148415,22.902057,16.549999,46.868678,133.690002
2010-11-15,41.016167,22.841031,16.6,46.843227,132.419998
2010-11-16,40.288124,22.639286,16.24,46.130394,130.970001
2010-11-17,40.142514,22.428769,16.15,46.308599,130.380005
2010-11-18,41.20185,22.665601,16.99,47.437253,132.089996
2010-11-19,40.974756,22.534028,16.57,47.097809,132.199997
2010-11-22,41.860427,22.569114,16.559999,46.096448,133.479996
2010-11-23,41.241927,22.034052,16.190001,44.322859,134.410004
2010-11-24,42.052791,22.25334,16.41,44.263448,134.179993
2010-11-26,42.079509,22.148081,16.219999,42.897188,133.110001
2010-11-29,42.329315,22.20071,16.379999,41.878857,133.509995
2010-11-30,41.565205,22.156853,15.82,40.699293,135.419998
2010-12-01,42.26653,22.841032,16.15,42.303162,135.380005
2010-12-02,42.500305,23.586609,16.33,43.576075,135.199997
2010-12-03,42.405458,23.70064,16.35,44.297394,138.070007
2010-12-06,42.767475,23.542753,16.33,43.049942,139.110001
2010-12-07,42.50832,23.569068,16.940001,42.803841,136.5
2010-12-08,42.882358,23.884841,17.02,43.610021,134.789993
2010-12-09,42.715377,23.753269,16.950001,44.339825,135.369995
2010-12-10,42.822245,23.981328,17.01,44.916884,135.410004
2010-12-13,42.970527,23.902385,16.700001,45.502418,136.050003
2010-12-14,42.786178,24.226931,16.629999,45.358159,136.179993
2010-12-15,42.795527,24.428676,16.450001,44.110704,134.699997
2010-12-16,42.914419,24.551477,16.51,44.492579,133.809998
2010-12-17,42.828926,24.472533,16.379999,44.518033,134.199997
2010-12-20,43.042661,24.393589,16.280001,43.949465,135.110001
2010-12-21,43.308497,24.621649,16.6,44.170105,135.320007
2010-12-22,43.436739,24.726908,16.629999,44.085243,135.050003
2010-12-23,43.228348,24.823393,16.719999,44.059782,134.660004
2010-12-27,43.37262,24.621649,16.48,44.017351,135.020004
2010-12-28,43.478153,24.56902,16.43,43.940984,137.220001
2010-12-29,43.454107,24.533933,16.610001,44.204051,137.710007
2010-12-30,43.236363,24.428676,16.76,43.898553,137.029999
2010-12-31,43.089419,24.481305,16.629999,44.170105,138.720001
2011-01-03,44.025853,24.542705,16.75,44.730184,138.0
2011-01-04,44.255622,24.639192,16.59,45.536364,134.75
2011-01-05,44.617639,24.560248,16.91,46.673504,134.369995
2011-01-06,44.581568,25.279513,17.059999,45.952185,133.830002
2011-01-07,44.90084,25.08654,16.9,44.891423,133.580002
2011-01-10,45.746438,24.753221,16.6,44.458633,134.119995
2011-01-11,45.638232,24.656736,16.58,44.57743,134.910004
2011-01-12,46.009602,25.042681,16.65,46.987486,135.460007
2011-01-13,46.177921,24.726908,16.75,48.234942,134.050003
2011-01-14,46.551958,24.823393,16.809999,49.185381,132.690002
2011-01-18,45.505985,25.139168,16.5,49.397535,133.429993
2011-01-19,45.264195,24.972509,16.309999,49.34662,133.720001
2011-01-20,44.441305,24.867252,16.23,49.966107,131.199997
2011-01-21,43.645134,24.577792,15.97,51.323875,131.029999
2011-01-24,45.078508,24.893565,16.09,51.510575,130.360001
2011-01-25,45.606171,24.954967,16.02,50.942,130.100006
2011-01-26,45.933458,25.244427,15.57,50.32252,131.160004
2011-01-27,45.847962,25.323371,16.200001,51.077778,127.93
2011-01-28,44.898168,24.34096,15.83,49.983076,130.279999
2011-01-31,45.328314,24.323417,16.120001,49.686063,129.869995
2011-02-01,46.09109,24.551477,16.379999,51.875473,130.800003
2011-02-02,45.996243,24.50762,16.57,51.569975,130.449997
2011-02-03,45.878689,24.253245,16.690001,52.52891,132.199997
2011-02-04,46.28746,24.358504,16.790001,53.326595,131.660004
2011-02-07,47.00615,24.735679,16.799999,53.895159,131.679993
2011-02-08,47.449657,24.805851,16.6,54.463734,133.139999
2011-02-09,47.84507,24.533933,16.43,54.557081,133.070007
2011-02-10,47.361489,24.121673,16.620001,53.13142,132.850006
2011-02-11,47.670074,23.902385,16.85,53.470854,132.320007
2011-02-14,47.981327,23.884841,16.889999,52.715599,132.949997
2011-02-15,48.07751,23.787783,17.200001,53.564211,133.970001
2011-02-16,48.50899,23.840725,17.76,55.69421,134.100006
2011-02-17,47.863772,24.008367,17.77,55.286884,135.039993
2011-02-18,46.82982,23.876017,17.66,55.541466,135.410004
2011-02-22,45.233467,23.46132,16.91,53.326595,136.289993
2011-02-23,45.769146,23.46132,16.58,53.479349,137.509995
2011-02-24,45.803879,23.62014,16.370001,53.470854,136.479996
2011-02-25,46.509214,23.426025,16.5,54.285529,137.380005
2011-02-28,47.183821,23.452496,16.4,54.463734,137.660004
2011-03-01,46.662835,23.081915,16.1,53.13142,140.029999
2011-03-02,47.038211,23.011328,16.629999,53.920621,139.919998
2011-03-03,48.03209,23.117209,16.860001,54.709835,138.089996
2011-03-04,48.090866,22.896625,17.08,53.309625,139.350006
2011-03-07,47.471028,22.693686,16.700001,52.605276,139.720001
2011-03-08,47.524464,22.861331,16.940001,52.554361,139.360001
2011-03-09,47.084965,22.843684,17.65,51.790611,139.410004
2011-03-10,46.310168,22.420163,17.059999,50.297059,137.770004
2011-03-11,47.020846,22.658394,17.42,50.619533,138.220001
2011-03-14,47.230575,22.667217,17.309999,50.975946,138.860001
2011-03-15,46.144522,22.402516,16.33,48.964745,136.270004
2011-03-16,44.084632,21.873115,15.91,46.945055,136.240005
2011-03-17,44.703132,21.864292,15.86,48.33677,136.970001
2011-03-18,44.172797,21.881937,16.030001,48.464073,138.369995
2011-03-21,45.325642,22.349576,16.290001,49.77941,139.139999
2011-03-22,45.579457,22.323105,16.360001,49.584232,139.050003
2011-03-23,45.310949,22.534867,16.129999,49.024152,140.339996
2011-03-24,46.083074,22.773097,16.83,50.067938,139.220001
2011-03-25,46.960733,22.605454,16.959999,49.312674,139.259995
2011-03-28,46.813789,22.420163,16.58,49.541801,138.539993
2011-03-29,46.883252,22.49075,16.75,49.643632,138.210007
2011-03-30,46.571999,22.596631,16.74,50.305544,138.669998
2011-03-31,46.555968,22.402516,16.68,50.127335,139.860001
2011-04-01,46.028305,22.481926,16.84,51.31539,139.199997
2011-04-04,45.578119,22.543689,16.870001,50.780772,139.839996
2011-04-05,45.270872,22.746628,17.110001,50.500728,142.050003
2011-04-06,45.157324,23.073091,17.049999,51.205077,142.380005
2011-04-07,45.162667,23.117209,17.0,51.714234,142.509995
2011-04-08,44.75924,23.002504,16.77,52.291294,143.660004
2011-04-11,44.190162,22.923094,16.59,52.104604,142.639999
2011-04-12,44.403901,22.6231,16.360001,51.773642,141.610001
2011-04-13,44.902174,22.614276,16.639999,52.087624,141.899994
2011-04-14,44.406572,22.428986,16.690001,51.400252,143.809998
2011-04-15,43.743986,22.38487,16.620001,50.314035,145.050003
2011-04-18,44.330428,22.128992,16.35,48.557416,145.929993
2011-04-19,45.133278,22.190755,16.120001,48.803506,145.929993
2011-04-20,45.741094,22.728981,16.870001,49.490879,146.5
2011-04-21,46.848518,22.51722,16.85,50.577105,146.740005
2011-04-25,47.157103,22.596631,17.110001,50.678933,146.869995
2011-04-26,46.811117,23.108386,17.280001,51.688783,146.380005
2011-04-27,46.775046,23.276028,17.26,52.613768,149.199997
2011-04-28,46.320855,23.567199,17.51,55.397207,149.820007
2011-04-29,46.772375,22.870154,17.700001,55.431143,152.369995
2011-05-02,46.25807,22.640747,18.139999,55.278399,150.410004
2011-05-03,46.514557,22.773097,17.92,54.302495,149.880005
2011-05-04,46.697568,22.993681,18.200001,54.115805,147.729996
2011-05-05,46.320855,22.755451,18.43,52.545876,143.470001
2011-05-06,46.308834,22.826038,18.65,51.417232,145.300003
2011-05-09,46.434404,22.790744,18.559999,51.527545,147.380005
2011-05-10,46.681538,22.64957,18.549999,52.647707,147.899994
2011-05-11,46.384978,22.376047,17.200001,51.400252,146.539993
2011-05-12,46.296809,22.340752,17.17,51.917904,146.589996
2011-05-13,45.485945,22.084876,16.549999,50.212197,145.630005
2011-05-16,44.524127,21.679,15.81,50.076423,145.369995
2011-05-17,44.903512,21.776694,16.0,50.823203,144.740005
2011-05-18,45.401786,21.927674,15.96,51.120215,145.600006
2011-05-19,45.489954,21.954317,16.35,51.603922,145.649994
2011-05-20,44.780614,21.75005,16.299999,49.584232,147.490005
2011-05-23,44.671071,21.465852,16.059999,48.633793,147.830002
2011-05-24,44.375849,21.448089,16.139999,48.328285,148.589996
2011-05-25,44.989005,21.483615,16.15,49.185381,148.580002
2011-05-26,44.751224,21.909912,15.98,49.456943,148.220001
2011-05-27,45.073164,21.989842,16.02,50.396578,149.699997
2011-05-31,46.465128,22.211872,16.549999,51.650012,149.639999
2011-06-01,46.155209,21.696763,15.85,50.370652,149.910004
2011-06-02,46.234024,21.510257,16.02,50.552181,149.5
2011-06-03,45.878689,21.23494,15.68,51.537631,150.220001
2011-06-06,45.157324,21.323753,15.45,49.912497,150.479996
2011-06-07,44.355809,21.368158,15.45,50.621332,150.419998
2011-06-08,44.382526,21.261585,15.1,49.549437,149.809998
2011-06-09,44.282336,21.279346,15.22,50.007581,150.559998
2011-06-10,43.535595,21.057316,15.2,49.316033,149.240005
2011-06-13,43.629103,21.350397,15.16,49.341969,147.770004
2011-06-14,44.409244,21.510257,15.2,50.119962,148.669998
2011-06-15,43.64914,21.08396,14.81,48.321939,149.119995
2011-06-16,43.436739,21.314871,14.78,48.512114,148.970001
2011-06-17,42.782168,21.545783,14.7,49.800117,149.940002
2011-06-20,42.122257,21.732287,14.99,49.618585,150.029999
2011-06-21,43.455441,21.989842,15.35,51.34746,150.759995
2011-06-22,43.096096,21.892149,15.23,50.621332,150.990005
2011-06-23,44.247607,21.874386,15.08,50.042161,148.339996
2011-06-24,43.595708,21.581307,14.89,48.28736,146.259995
2011-06-27,44.355809,22.380616,14.88,48.42567,145.729996
2011-06-28,44.785957,22.913486,14.95,49.540794,146.240005
2011-06-29,44.622983,22.753626,14.89,50.310137,147.179993
2011-06-30,44.840727,23.091111,15.04,51.20915,146.0
2011-07-01,45.854643,23.108873,15.45,52.782422,144.929993
2011-07-05,46.678866,23.117755,15.49,51.364746,147.630005
2011-07-06,46.990119,23.38419,15.72,50.526245,148.910004
2011-07-07,47.716828,23.774963,15.81,50.699133,149.149994
2011-07-08,48.052127,23.908181,15.61,49.385191,150.25
2011-07-11,47.289354,23.650625,15.05,46.351021,151.589996
2011-07-12,47.255955,23.570696,14.86,45.737274,152.770004
2011-07-13,47.826367,23.650625,14.91,45.910159,154.139999
2011-07-14,47.792972,23.508526,14.63,45.694051,154.539993
2011-07-15,48.748108,23.783845,14.69,45.391499,155.199997
2011-07-18,49.934352,23.615101,14.42,43.896029,156.570007
2011-07-19,50.341785,24.458816,14.59,45.019796,154.660004
2011-07-20,51.684322,24.032517,13.48,46.229997,156.020004
2011-07-21,51.736424,24.068043,13.59,48.330582,154.830002
2011-07-22,52.539273,24.449934,13.98,47.907007,156.119995
2011-07-25,53.233917,24.787419,13.69,48.062599,157.339996
2011-07-26,53.889825,24.938399,13.94,48.019377,157.770004
2011-07-27,52.444427,24.27231,13.59,46.480687,157.190002
2011-07-28,52.341565,24.618676,13.5,46.826462,157.320007
2011-07-29,52.16256,24.334478,13.1,47.51801,158.289993
2011-08-01,53.000142,24.219023,13.1,45.910159,157.720001
2011-08-02,51.952831,23.801606,12.76,43.783648,161.520004
2011-08-03,52.441755,23.908181,13.02,44.535712,161.490005
2011-08-04,50.411252,23.037824,12.0,40.412353,160.639999
2011-08-05,49.910306,22.806913,11.74,41.665787,161.75
2011-08-08,47.183821,21.741168,11.09,37.525142,167.119995
2011-08-09,49.962404,22.7181,12.09,39.461471,168.610001
2011-08-10,48.5838,21.492496,11.77,34.888611,174.580002
2011-08-11,49.920993,22.371734,12.86,36.747149,170.75
2011-08-12,50.360488,22.291803,13.59,36.850877,169.970001
2011-08-15,51.21811,22.655932,13.47,39.107054,171.800003
2011-08-16,50.826704,22.655933,13.48,37.48192,173.919998
2011-08-17,50.82136,22.56656,13.47,37.084281,174.419998
2011-08-18,48.899062,22.0482,12.96,34.490972,177.720001
2011-08-19,47.560531,21.494089,12.92,33.228895,179.949997
2011-08-22,47.6153,21.431529,12.84,32.788033,184.589996
2011-08-23,49.907634,22.092885,13.35,33.859928,177.669998
2011-08-24,50.252286,22.253756,13.15,34.214356,171.649994
2011-08-25,49.923665,21.958827,12.87,33.635178,172.360001
2011-08-26,51.240818,22.56656,12.74,32.995491,177.470001
2011-08-29,52.094431,23.093858,13.68,35.009632,173.889999
2011-08-30,52.097103,23.44241,13.84,34.30944,179.100006
2011-08-31,51.407803,23.77309,13.61,34.983696,177.720001
2011-09-01,50.900176,23.424536,13.35,33.367205,177.869995
2011-09-02,49.967747,23.058108,12.87,31.353071,183.240005
2011-09-06,50.727852,22.798929,12.91,29.027742,182.899994
2011-09-07,51.287573,23.236854,13.61,30.341674,177.080002
2011-09-08,51.315628,23.433473,14.44,29.48589,181.809998
2011-09-09,50.425945,23.004485,14.48,26.918515,180.699997
2011-09-12,50.754566,23.138544,14.26,25.863907,176.669998
2011-09-13,51.379747,23.272604,14.26,27.635993,178.539993
2011-09-14,52.004928,23.683717,14.55,28.388059,177.210007
2011-09-15,52.493853,24.121642,14.89,30.549142,174.399994
2011-09-16,53.501091,24.237827,14.97,30.099637,176.029999
2011-09-19,54.9879,24.318261,14.61,28.725181,173.309998
2011-09-20,55.231025,24.112704,14.36,28.526367,175.779999
2011-09-21,55.056029,23.227917,13.96,27.022244,173.589996
2011-09-22,53.677425,22.396752,13.99,25.578639,169.050003
2011-09-23,54.008714,22.396752,14.71,27.091403,159.800003
2011-09-26,53.857764,22.736368,14.75,30.384906,157.580002
2011-09-27,53.335444,22.941925,14.54,32.200215,160.630005
2011-09-28,53.034875,22.861489,14.19,30.868987,156.220001
2011-09-29,52.174584,22.745306,13.42,32.891764,157.699997
2011-09-30,50.938915,22.244819,13.17,29.918109,158.059998
2011-10-03,50.041219,21.923079,13.53,28.379416,160.960007
2011-10-04,49.76069,22.646996,14.46,29.779799,157.639999
2011-10-05,50.528806,23.138544,15.92,31.059162,159.460007
2011-10-06,50.411252,23.540721,15.65,31.984104,160.490005
2011-10-07,49.400007,23.460285,15.47,30.384906,159.179993
2011-10-10,51.939472,24.076956,15.84,32.597851,163.270004
2011-10-11,53.473035,24.130579,15.86,33.012787,162.100006
2011-10-12,53.726851,24.094829,15.77,34.93183,163.259995
2011-10-13,54.560423,24.29145,15.93,33.289403,162.300003
2011-10-14,56.373182,24.371885,15.91,33.056006,163.399994
2011-10-17,56.104678,24.112704,15.7,31.136963,162.619995
2011-10-18,56.405244,24.407634,15.47,32.77074,161.839996
2011-10-19,53.249948,24.246763,15.94,32.139707,159.869995
2011-10-20,52.807781,24.166329,16.18,31.508674,157.770004
2011-10-21,52.481832,24.273575,16.120001,33.470942,159.520004
2011-10-24,54.205088,24.300387,16.709999,34.240282,161.020004
2011-10-25,53.136402,23.960771,16.24,34.093332,165.589996
2011-10-26,53.51445,23.764152,16.299999,34.6725,167.399994
2011-10-27,54.060815,24.354011,16.629999,40.896437,169.550003
2011-10-28,54.095545,24.112704,16.559999,40.455575,169.619995
2011-10-31,54.072837,23.7999,15.64,35.796268,167.339996
2011-11-01,52.968084,23.227917,14.93,33.28076,167.380005
2011-11-02,53.08831,23.245792,15.1,33.79942,169.059998
2011-11-03,53.844405,23.710529,15.48,35.476429,171.720001
2011-11-04,53.466358,23.460285,15.24,33.661114,170.850006
2011-11-07,53.398229,23.951834,15.69,34.058753,174.979996
2011-11-08,54.266535,24.273575,15.97,35.052854,173.529999
2011-11-09,52.803772,23.4156,15.92,31.232047,172.070007
2011-11-10,51.4599,23.487098,15.95,32.399037,171.139999
2011-11-11,51.379747,24.050144,16.27,34.378591,173.960007
2011-11-14,50.663729,23.916085,16.0,33.298053,173.199997
2011-11-15,51.942143,24.078166,15.93,32.943626,173.360001
2011-11-16,51.399787,23.474862,15.72,32.079199,171.509995
2011-11-17,50.416595,22.997621,15.34,31.145603,167.100006
2011-11-18,50.08664,22.781511,15.38,31.612401,167.619995
2011-11-21,49.294474,22.511375,14.99,29.99591,163.5
2011-11-22,50.296369,22.32228,14.97,29.036385,165.309998
2011-11-23,49.024632,22.034133,14.94,28.059569,164.830002
2011-11-25,48.567769,21.881056,15.1,27.95584,163.399994
2011-11-28,50.244271,22.394317,15.35,30.410832,166.630005
2011-11-29,49.854199,22.367302,15.7,30.722027,166.880005
2011-11-30,51.056469,23.033639,15.71,33.955016,170.130005
2011-12-01,51.821917,22.763503,16.23,33.643821,169.630005
2011-12-02,52.058364,22.709474,16.049999,34.577413,169.820007
2011-12-05,52.500534,23.141694,15.89,34.681143,167.320007
2011-12-06,52.225345,23.105675,15.84,34.568773,168.179993
2011-12-07,51.976877,23.051648,15.62,34.879968,169.399994
2011-12-08,52.186606,22.871557,15.61,32.174286,165.979996
2011-12-09,52.582021,23.141694,15.94,34.231639,166.399994
2011-12-12,52.344237,22.970607,15.47,32.217508,161.990005
2011-12-13,51.939472,23.195721,15.42,30.843051,158.449997
2011-12-14,50.787965,23.042644,15.02,30.678815,152.889999
2011-12-15,50.620981,23.015629,15.16,30.886273,152.330002
2011-12-16,50.898838,23.41183,14.96,30.557785,155.229996
2011-12-19,51.057807,22.988617,14.62,30.315748,154.869995
2011-12-20,52.893274,23.438844,15.11,32.727518,156.979996
2011-12-21,52.960069,23.195721,15.99,32.355815,157.160004
2011-12-22,53.240598,23.240743,16.0,33.367205,156.039993
2011-12-23,53.879138,23.438844,16.190001,33.79942,156.309998
2011-12-27,54.306612,23.447849,16.09,33.42771,154.910004
2011-12-28,53.786964,23.249748,15.78,32.14835,151.029999
2011-12-29,54.118257,23.429839,16.129999,33.038723,150.339996
2011-12-30,54.102226,23.375811,16.129999,32.727518,151.990005
2012-01-03,54.934465,24.105181,16.290001,34.430464,155.919998
2012-01-04,55.229691,24.672467,15.78,33.393141,156.710007
2012-01-05,55.842847,24.924595,15.64,31.318492,157.779999
2012-01-06,56.426618,25.311791,15.52,29.615557,157.199997
2012-01-09,56.337115,24.978621,15.46,29.079607,156.5
2012-01-10,56.538829,25.068667,15.51,30.402189,158.639999
2012-01-11,56.446654,24.960612,15.53,31.01594,159.669998
2012-01-12,56.291695,25.21274,15.66,31.984104,160.380005
2012-01-13,56.080632,25.437854,15.48,31.742067,159.259995
2012-01-17,56.733865,25.446858,15.43,32.468195,160.5
2012-01-18,57.322979,25.419844,15.92,33.712979,161.600006
2012-01-19,57.141302,25.320795,16.120001,36.314931,161.220001
2012-01-20,56.146089,26.752517,15.96,36.738506,162.070007
2012-01-23,57.095882,26.770527,15.68,37.559711,163.160004
2012-01-24,56.160781,26.41935,15.69,36.954607,162.009995
2012-01-25,59.667407,26.617449,15.56,37.715314,166.419998
2012-01-26,59.396227,26.563422,15.53,37.516499,167.270004
2012-01-27,59.750232,26.320299,15.74,38.415506,168.970001
2012-01-30,60.515676,26.662473,15.55,36.85952,168.029999
2012-01-31,60.979217,26.590437,15.47,36.902742,169.309998
2012-02-01,60.940478,26.914599,15.73,38.484664,169.559998
2012-02-02,60.797544,26.968628,15.72,38.268556,171.050003
2012-02-03,61.406694,27.229759,15.92,38.890946,167.639999
2012-02-06,61.979774,27.193742,15.82,38.199398,167.179993
2012-02-07,62.629005,27.32881,15.83,38.76128,169.699997
2012-02-08,63.677654,27.60795,15.78,39.988778,168.5
2012-02-09,65.880481,27.707001,16.0,40.118444,168.020004
2012-02-10,65.913877,27.463877,16.139999,38.147533,167.139999
2012-02-13,67.140197,27.535914,16.120001,38.50195,167.509995
2012-02-14,68.056591,27.418085,15.37,37.378183,167.119995
2012-02-15,66.481613,27.236808,15.12,37.127503,168.110001
2012-02-16,67.088096,28.360724,15.36,38.130247,168.0
2012-02-17,67.076074,28.324468,15.01,38.545172,167.350006
2012-02-21,68.776622,28.496681,14.75,38.190755,171.020004
2012-02-22,68.534828,28.342596,14.5,37.784465,172.940002
2012-02-23,68.982338,28.433235,14.78,38.700775,173.020004
2012-02-24,69.786525,28.532936,14.89,40.464219,172.229996
2012-02-27,70.234042,28.415107,14.86,40.369131,171.699997
2012-02-28,71.523144,28.886426,14.9,40.758128,173.490005
2012-02-29,72.462254,28.768596,14.83,40.40371,164.289993
2012-03-01,72.733426,29.267107,14.93,41.415097,166.610001
2012-03-02,72.828276,29.076768,14.72,40.749484,166.339996
2012-03-05,71.222578,28.822978,14.62,40.299973,165.649994
2012-03-06,70.835174,28.605446,14.42,37.672092,162.699997
2012-03-07,70.892619,28.859234,14.62,38.813145,163.630005
2012-03-08,72.402133,29.013318,14.62,40.775414,165.279999
2012-03-09,72.826942,28.995191,14.63,39.928269,166.380005
2012-03-12,73.739327,29.040511,14.49,40.628461,165.070007
2012-03-13,75.89006,29.61153,14.55,42.400548,162.300003
2012-03-14,78.759483,29.702171,14.63,43.014298,159.570007
2012-03-15,78.222467,29.774679,14.89,43.628056,161.080002
2012-03-16,78.223801,29.548084,15.18,44.120779,161.300003
2012-03-19,80.298391,29.185533,15.15,44.99386,161.589996
2012-03-20,80.947614,28.995191,15.41,44.466554,160.130005
2012-03-21,80.485408,28.922681,15.51,44.017042,160.210007
2012-03-22,80.063282,29.004255,15.49,43.386008,159.570007
2012-03-23,79.623783,29.013318,15.39,44.025692,161.529999
2012-03-26,81.083871,29.539021,15.54,45.088944,164.399994
2012-03-27,82.08577,29.475575,15.43,44.250446,163.240005
2012-03-28,82.505228,29.176467,15.32,44.008399,161.509995
2012-03-29,81.4686,29.11302,15.3,42.798187,161.279999
2012-03-30,80.091333,29.239913,15.22,43.040234,162.119995
2012-04-02,82.640151,29.267107,15.46,43.20448,162.940002
2012-04-03,84.068177,28.949873,15.18,41.734935,159.889999
2012-04-04,83.398914,28.288212,15.27,40.075222,157.210007
2012-04-05,84.65061,28.569192,15.07,39.539273,158.309998
2012-04-09,84.991256,28.188511,15.1,38.882303,159.369995
2012-04-10,83.950626,27.617489,14.99,37.602933,161.100006
2012-04-11,83.651395,27.508724,14.88,38.951455,161.070007
2012-04-12,83.19319,28.079744,15.06,40.161666,162.699997
2012-04-13,80.850096,27.925659,14.87,38.294482,160.850006
2012-04-16,77.4971,28.170383,14.79,38.372283,160.460007
2012-04-17,81.447226,28.496681,15.01,40.032,160.25
2012-04-18,81.265552,28.224765,15.49,39.288586,159.309998
2012-04-19,78.473607,28.106936,15.4,38.268556,159.429993
2012-04-20,76.541959,29.384934,15.6,39.210785,159.539993
2012-04-23,76.370966,29.11302,15.33,37.767179,159.070007
2012-04-24,74.845421,28.931745,15.43,38.121597,159.300003
2012-04-25,81.487306,29.185533,15.5,39.305879,159.619995
2012-04-26,81.180055,29.103958,15.53,37.948708,161.029999
2012-04-27,80.552206,28.986127,15.57,38.458728,161.380005
2012-04-30,78.0114,29.022383,15.54,37.507849,161.880005
2012-05-01,77.76427,29.013318,15.63,38.190755,161.320007
2012-05-02,78.278571,28.822978,15.67,36.556968,160.589996
2012-05-03,77.722856,28.786724,15.4,35.147941,158.970001
2012-05-04,75.509341,28.079744,15.15,35.260322,159.470001
2012-05-07,76.074409,27.780638,15.35,35.822197,159.080002
2012-05-08,75.900747,27.644681,15.36,34.905905,156.0
2012-05-09,76.034336,27.880341,15.3,34.058753,154.470001
2012-05-10,76.213334,27.862213,15.44,34.836746,154.770004
2012-05-11,75.704377,28.242893,15.19,34.240282,153.559998
2012-05-14,74.570231,27.80783,15.5,32.978208,151.330002
2012-05-15,73.895624,27.561498,15.4,32.053262,149.740005
2012-05-16,72.948503,27.278677,15.28,31.456801,149.460007
2012-05-17,70.816475,27.114457,14.87,30.981361,152.800003
2012-05-18,70.851205,26.703909,15.42,31.136963,154.550003
2012-05-21,74.979002,27.141827,15.58,32.165633,154.649994
2012-05-22,74.403254,27.150951,15.29,32.079199,152.080002
2012-05-23,76.218678,26.557936,15.38,32.053262,151.619995
2012-05-24,75.518694,26.521442,15.35,31.551885,151.410004
2012-05-25,75.113925,26.512319,15.36,31.707488,152.679993
2012-05-29,76.447109,26.968484,15.47,31.690202,151.020004
2012-05-30,77.368854,26.767772,15.25,30.817125,151.910004
2012-05-31,77.176494,26.630923,15.24,31.102384,151.619995
2012-06-01,74.940263,25.955799,14.92,29.68012,157.5
2012-06-04,75.381096,26.04703,15.01,30.444108,157.320007
2012-06-05,75.186067,26.010538,15.1,30.45299,157.139999
2012-06-06,76.338911,26.776896,15.36,31.874371,157.210007
2012-06-07,76.373641,26.667415,15.36,31.829953,154.5
2012-06-08,77.522476,27.050594,15.65,31.972087,154.729996
2012-06-11,76.300165,26.366346,15.3,31.039309,155.360001
2012-06-12,76.966761,26.722156,15.47,31.474608,156.460007
2012-06-13,76.43242,26.576182,15.34,31.128153,157.119995
2012-06-14,76.348257,26.767772,15.36,31.261398,157.75
2012-06-15,76.695581,27.388157,15.36,32.434033,157.839996
2012-06-18,78.251853,27.223937,15.49,31.376889,157.929993
2012-06-19,78.469605,28.008542,15.65,32.345206,157.160004
2012-06-20,78.246509,28.218377,15.74,32.656121,155.970001
2012-06-21,77.168475,27.497636,15.52,31.545681,152.020004
2012-06-22,77.760261,28.008542,15.61,31.963208,152.639999
2012-06-25,76.246737,27.251308,15.44,30.408572,153.759995
2012-06-26,76.415055,27.388157,15.35,30.6662,152.619995
2012-06-27,76.745007,27.525006,15.52,31.376889,152.830002
2012-06-28,76.016964,27.2878,15.45,30.097657,151.050003
2012-06-29,78.014076,27.908185,15.83,32.131996,155.190002
2012-07-02,79.152224,27.880814,15.84,32.762734,155.089996
2012-07-03,80.072627,28.063281,15.98,33.055884,157.460007
2012-07-05,81.479287,28.008542,15.85,31.483491,155.679993
2012-07-06,80.936927,27.543253,15.78,29.893329,153.710007
2012-07-09,82.00695,27.36991,15.75,29.715657,154.039993
2012-07-10,81.248187,27.132704,15.82,28.987203,152.149994
2012-07-11,80.743232,26.731278,15.8,29.040504,152.990005
2012-07-12,80.004502,26.120017,15.69,28.294278,152.589996
2012-07-13,80.815367,26.813388,15.74,28.072187,154.139999
2012-07-16,81.074526,26.859005,15.65,27.743497,154.210007
2012-07-17,81.078528,27.059717,15.6,27.761261,153.470001
2012-07-18,80.987695,27.780459,15.7,28.010006,153.050003
2012-07-19,82.064395,27.981171,15.73,28.010006,153.380005
2012-07-20,80.725868,27.47939,15.92,26.695227,153.669998
2012-07-23,80.663079,26.713033,15.76,25.549248,153.029999
2012-07-24,80.274341,26.594429,15.43,25.025112,153.520004
2012-07-25,76.807796,26.302483,15.5,24.287776,155.669998
2012-07-26,76.795774,26.603552,15.8,25.655846,156.770004
2012-07-27,78.169032,27.150951,16.110001,27.325971,157.539993
2012-07-30,79.487526,27.04147,15.98,26.899553,157.429993
2012-07-31,81.588826,26.886374,15.84,26.952853,156.490005
2012-08-01,81.061163,26.831635,15.99,26.473136,155.139999
2012-08-02,81.192077,26.630923,15.75,25.185021,154.130005
2012-08-03,82.248744,27.141827,15.97,27.716843,155.550003
2012-08-06,83.163804,27.324294,16.040001,27.752379,156.300003
2012-08-07,82.944726,27.607116,16.219999,28.08996,156.279999
2012-08-08,82.804459,27.670979,16.17,28.072187,156.479996
2012-08-09,83.276696,27.826075,16.01,28.072187,156.990005
2012-08-10,83.406832,27.753089,15.15,27.86787,157.179993
2012-08-13,84.520354,27.725718,15.02,27.548051,155.990005
2012-08-14,84.747087,27.670617,14.73,27.263779,155.130005
2012-08-15,84.631704,27.734905,14.76,27.343734,155.630005
2012-08-16,85.370926,28.267562,14.99,28.436414,156.559998
2012-08-17,86.949979,28.377766,15.03,29.244821,156.720001
2012-08-20,89.236056,28.230826,14.96,29.040504,157.259995
2012-08-21,88.016543,28.285928,14.97,30.266438,158.830002
2012-08-22,89.735125,28.047152,14.92,30.586246,160.539993
2012-08-23,88.897974,27.790007,14.87,30.506302,161.889999
2012-08-24,88.977124,28.065518,14.92,30.248673,161.970001
2012-08-27,90.648748,28.184908,14.85,30.755037,161.360001
2012-08-28,90.530692,28.129804,14.72,30.479644,161.639999
2012-08-29,90.352258,28.148172,14.84,30.497419,160.589996
2012-08-30,89.064328,27.845108,14.67,30.079881,160.520004
2012-08-31,89.248128,28.304296,14.65,31.483491,164.220001
2012-09-04,90.553498,27.909394,14.89,30.94159,164.479996
2012-09-05,89.917586,27.909394,15.09,31.208097,164.309998
2012-09-06,90.727905,28.791035,15.11,33.411239,164.889999
2012-09-07,91.287346,28.423685,15.22,35.694318,168.440002
2012-09-10,88.912726,28.212458,15.11,35.694318,167.289993
2012-09-11,88.62429,28.276746,15.16,37.86192,167.899994
2012-09-12,89.858555,28.267562,15.4,37.693132,167.919998
2012-09-13,91.628115,28.414501,15.6,38.084012,171.309998
2012-09-14,92.741638,28.662461,15.77,39.318826,171.800003
2012-09-17,93.881993,28.662461,15.68,39.345484,170.399994
2012-09-18,94.167749,28.634911,15.91,37.719786,171.720001
2012-09-19,94.193242,28.515521,15.86,37.941874,171.740005
2012-09-20,93.737097,28.882872,15.79,37.506575,171.470001
2012-09-21,93.923578,28.644095,15.74,37.888577,171.960007
2012-09-24,92.6759,28.267562,16.0,37.710903,171.050003
2012-09-25,90.361651,27.909394,15.68,36.804769,170.770004
2012-09-26,89.240075,27.707353,15.61,35.16131,169.809998
2012-09-27,91.405409,27.698169,16.040001,35.978597,172.339996
2012-09-28,89.497667,27.330819,15.98,35.22349,171.889999
2012-10-01,88.463295,27.082858,15.83,35.720972,172.289993
2012-10-02,88.720879,27.238982,15.94,36.280644,172.100006
2012-10-03,90.081253,27.422657,16.209999,37.062394,172.410004
2012-10-04,89.457415,27.578781,16.27,37.604295,173.610001
2012-10-05,87.551012,27.413473,16.09,37.515458,172.619995
2012-10-08,85.616437,27.349187,16.030001,37.151231,172.050003
2012-10-09,85.305188,26.89,15.85,36.280644,170.990005
2012-10-10,85.984032,26.614487,15.83,36.573798,170.839996
2012-10-11,84.265449,26.586937,15.92,37.879684,171.320007
2012-10-12,84.481449,26.81653,15.88,37.266722,170.059998
2012-10-15,85.158953,27.101226,15.68,38.243911,168.350006
2012-10-16,87.175365,27.082858,15.92,39.993989,169.419998
2012-10-17,86.480422,27.174696,16.09,41.086669,169.539993
2012-10-18,84.874536,27.092042,16.0,41.19327,168.789993
2012-10-19,81.815706,26.302239,15.84,39.514272,166.970001
2012-10-22,85.061016,25.71448,15.77,40.207189,167.580002
2012-10-23,82.287943,25.760398,16.67,38.803583,165.429993
2012-10-24,82.753474,25.622643,16.549999,38.474893,164.860001
2012-10-25,81.775453,25.604275,16.610001,38.625909,166.020004
2012-10-26,81.032212,25.907338,16.790001,38.883538,165.929993
2012-10-31,79.867711,26.210403,16.84,40.606951,166.830002
2012-11-01,80.031385,27.11041,16.950001,41.388712,166.070007
2012-11-02,77.383081,27.092042,17.110001,40.402634,162.600006
2012-11-05,78.432206,27.21143,17.370001,40.180545,163.229996
2012-11-06,78.19474,27.422657,17.459999,40.944535,166.300003
2012-11-07,75.202802,26.706325,17.389999,39.16781,166.490005
2012-11-08,72.473665,26.458363,17.24,38.439356,167.990005
2012-11-09,73.728395,26.476731,17.26,37.622059,167.820007
2012-11-12,73.158309,25.916522,17.51,37.826384,167.449997
2012-11-13,73.167745,25.083194,17.85,37.950757,167.100006
2012-11-14,72.356416,24.851714,17.83,37.044633,167.139999
2012-11-15,70.838881,24.685048,17.889999,37.86192,166.089996
2012-11-16,71.116514,24.55542,17.860001,36.929142,165.880005
2012-11-19,76.244591,24.749862,18.360001,38.421585,167.869995
2012-11-20,75.594985,24.731343,18.24,37.835266,167.389999
2012-11-21,75.701459,24.953566,18.4,37.577641,167.559998
2012-11-23,77.022227,25.648006,18.57,38.972375,169.610001
2012-11-26,79.452167,25.36097,18.76,38.466003,169.429993
2012-11-27,78.811997,25.073935,18.93,38.581494,168.710007
2012-11-28,78.564018,25.333193,18.91,38.359402,166.550003
2012-11-29,79.42925,24.953566,18.870001,38.972375,167.179993
2012-11-30,78.879381,24.648012,18.77,39.203346,166.050003
2012-12-03,79.002029,24.472087,18.549999,39.309947,166.130005
2012-12-04,77.608479,24.416532,18.93,39.9851,164.419998
2012-12-05,72.613831,24.694307,18.889999,40.926759,164.119995
2012-12-06,73.752651,24.749862,19.200001,40.411516,164.5
2012-12-07,71.867195,24.499863,19.200001,39.816319,165.160004
2012-12-10,71.404922,24.944306,19.43,39.256647,165.800003
2012-12-11,72.96424,25.296156,19.52,39.620873,165.649994
2012-12-12,72.642132,25.222082,19.379999,39.603109,165.770004
2012-12-13,71.387403,25.101713,19.35,38.599255,164.369995
2012-12-14,68.705439,24.823936,19.639999,38.057358,164.130005
2012-12-17,69.923777,25.092454,19.690001,38.297222,164.440002
2012-12-18,71.954797,25.518376,19.620001,39.292183,162.080002
2012-12-19,70.931874,25.286896,19.6,39.540918,161.690002
2012-12-20,70.314622,25.629488,19.690001,39.789661,159.729996
2012-12-21,69.991169,25.416526,19.35,38.803583,160.330002
2012-12-24,70.104372,25.055416,19.65,38.67921,160.619995
2012-12-26,69.138058,24.870233,19.57,38.599255,160.779999
2012-12-27,69.415691,24.962824,19.6,39.416556,161.160004
2012-12-28,68.678484,24.583196,19.5,38.483775,160.539993
2012-12-31,71.721638,24.731343,19.9,39.345484,162.020004
2013-01-02,73.993893,25.573933,20.08,40.367098,163.169998
2013-01-03,73.059925,25.231341,19.780001,40.073937,161.199997
2013-01-04,71.024867,24.759122,19.860001,40.71356,160.440002
2013-01-07,70.607075,24.712826,19.4,41.557497,159.429993
2013-01-08,70.797106,24.583196,19.66,42.117166,160.559998
2013-01-09,69.690625,24.722086,19.32,42.19712,160.490005
2013-01-10,70.554511,24.499863,18.99,43.982717,161.979996
2013-01-11,70.121899,24.842455,19.290001,44.080443,161.059998
2013-01-14,67.621876,24.898009,19.43,43.920537,161.539993
2013-01-15,65.488434,25.194304,19.52,43.707338,162.559998
2013-01-16,68.206782,25.036899,20.07,43.183202,162.649994
2013-01-17,67.747215,25.231341,20.129999,43.405291,163.350006
2013-01-18,67.386025,25.231341,20.02,43.556311,163.089996
2013-01-22,68.028886,25.138749,19.9,42.934456,163.669998
2013-01-23,69.274179,25.564673,20.110001,41.95726,163.210007
2013-01-24,60.714803,25.58319,20.440001,43.023293,161.419998
2013-01-25,59.283527,25.814671,20.370001,43.964956,160.649994
2013-01-28,60.624509,25.842449,20.309999,44.133744,160.289993
2013-01-29,61.761983,25.935041,19.700001,44.240345,160.990005
2013-01-30,61.567914,25.786894,20.120001,44.755599,162.190002
2013-01-31,61.387319,25.416526,19.629999,45.892697,161.199997
2013-02-01,61.135295,25.860968,19.76,46.816593,161.449997
2013-02-04,59.612372,25.407267,19.34,44.533507,162.0
2013-02-05,61.704035,25.462822,19.66,45.421869,161.960007
2013-02-06,61.637997,25.314674,19.85,44.871079,162.389999
2013-02-07,63.470733,25.25912,20.32,43.61849,161.839996
2013-02-08,64.387101,25.509117,20.5,43.893891,161.570007
2013-02-11,65.058113,25.796154,20.9,43.529664,159.699997
2013-02-12,63.427354,25.814671,21.209999,44.302536,159.889999
2013-02-13,63.306707,25.95356,21.15,43.867237,159.050003
2013-02-14,63.249775,25.96282,21.18,43.307575,158.350006
2013-02-15,62.37814,25.935041,21.02,42.525811,155.759995
2013-02-19,62.355096,26.187108,21.290001,43.529664,155.330002
2013-02-20,60.844984,26.019064,20.92,42.277075,151.440002
2013-02-21,60.466779,25.6643,20.83,40.65137,152.619995
2013-02-22,61.110675,25.916369,21.219999,41.752939,152.970001
2013-02-25,60.024859,25.552271,20.73,40.260489,154.339996
2013-02-26,60.861251,25.552271,20.76,40.189424,156.220001
2013-02-27,60.264795,25.963048,21.16,40.846815,154.570007
2013-02-28,59.835081,25.953712,21.309999,40.624727,153.0
2013-03-01,58.353438,26.093751,21.940001,38.821348,152.440002
2013-03-04,56.940925,26.280467,22.700001,38.643674,152.300003
2013-03-05,58.444258,26.467185,22.950001,39.345484,152.380005
2013-03-06,57.701404,26.224453,22.799999,39.327719,153.229996
2013-03-07,58.368348,26.271131,22.700001,39.656409,152.690002
2013-03-08,58.522883,26.14043,22.9,40.100591,152.710007
2013-03-11,59.356561,26.019064,22.6,39.647527,152.990005
2013-03-12,58.076898,26.056407,22.4,39.532036,154.190002
2013-03-13,58.066053,26.065743,22.34,38.910185,153.660004
2013-03-14,58.628617,26.271131,22.43,39.638634,153.679993
2013-03-15,60.141441,26.177774,22.07,39.647527,154.0
2013-03-18,61.776265,26.233789,22.01,38.217268,155.380005
2013-03-19,61.609524,26.308476,22.17,37.026858,156.080002
2013-03-20,61.282832,26.439177,22.1,37.222304,155.369995
2013-03-21,61.370945,26.243125,22.860001,37.311141,156.25
2013-03-22,62.615366,26.373826,23.26,37.40886,155.550003
2013-03-25,62.841746,26.289803,23.379999,35.854227,155.240005
2013-03-26,62.510986,26.289803,23.59,35.76539,154.720001
2013-03-27,61.282832,26.485858,23.59,34.708236,155.360001
2013-03-28,60.005884,26.709918,23.530001,34.752655,154.449997
2013-04-01,58.141967,26.709918,23.5,34.397321,154.669998
2013-04-02,58.261257,26.887298,23.780001,35.516644,152.429993
2013-04-03,58.559483,26.663238,23.379999,34.859263,150.729996
2013-04-04,57.980652,26.700582,23.52,35.045819,150.289993
2013-04-05,57.367932,26.793941,23.299999,35.22349,152.809998
2013-04-08,57.775961,26.691246,23.48,35.330091,152.160004
2013-04-09,57.880341,27.643505,23.83,36.316169,153.339996
2013-04-10,59.061046,28.269008,24.200001,37.515458,150.75
2013-04-11,58.876687,27.018002,24.49,37.533233,151.050003
2013-04-12,58.262614,26.877964,24.690001,36.724825,143.949997
2013-04-15,56.913817,26.784605,23.98,35.587716,131.309998
2013-04-16,57.780029,27.046008,23.790001,36.609334,132.800003
2013-04-17,54.602561,26.915307,23.700001,35.090238,132.869995
2013-04-18,53.145316,26.877964,23.26,34.192993,134.300003
2013-04-19,52.939271,27.792879,23.469999,34.868145,135.470001
2013-04-22,54.042709,28.78248,23.950001,35.392281,137.899994
2013-04-23,55.053965,28.567756,24.379999,36.58268,136.880005
2013-04-24,54.963142,29.650716,24.75,37.506575,138.369995
2013-04-25,55.358971,29.818762,25.200001,37.702014,141.630005
2013-04-26,56.554587,29.678724,24.68,37.550994,140.910004
2013-04-29,58.30599,30.444265,24.43,38.954599,142.300003
2013-04-30,60.022147,30.901721,24.73,40.908998,142.770004
2013-05-01,59.549054,30.54696,24.299999,40.731325,141.110001
2013-05-02,60.393576,30.957737,24.969999,41.610805,141.919998
2013-05-03,60.998166,31.265823,25.07,42.516928,142.089996
2013-05-06,62.452693,31.508554,25.17,42.68572,142.149994
2013-05-07,62.174803,31.097777,26.07,43.343101,140.380005
2013-05-08,62.876988,30.799029,26.41,43.360872,142.460007
2013-05-09,62.328434,30.490944,26.24,42.632419,140.809998
2013-05-10,61.809908,30.51895,26.83,42.19712,139.600006
2013-05-13,62.051437,30.83637,26.389999,41.735167,138.429993
2013-05-14,60.566808,31.522668,26.639999,41.752939,137.809998
2013-05-15,58.518621,31.82351,27.34,42.117166,134.630005
2013-05-16,59.300508,32.039744,26.58,41.450895,134.089996
2013-05-17,59.120387,32.782446,26.52,43.041064,131.070007
2013-05-20,60.439904,32.979877,26.58,42.68572,135.119995
2013-05-21,59.993696,32.763643,27.0,42.143812,132.880005
2013-05-22,60.224304,32.538013,26.540001,41.672988,131.940002
2013-05-23,60.332104,32.105553,26.02,41.486432,134.610001
2013-05-24,60.742833,32.218368,26.33,41.277772,133.759995
2013-05-28,60.236587,32.923468,26.07,41.949104,133.490005
2013-05-29,60.715542,32.79185,25.809999,41.885595,134.830002
2013-05-30,61.620237,32.932867,26.33,42.810942,136.699997
2013-05-31,61.367799,32.810653,26.299999,42.021677,133.919998
2013-06-03,61.502887,33.459343,26.389999,42.729299,136.509995
2013-06-04,61.310483,32.895265,26.26,43.083113,135.229996
2013-06-05,60.737375,32.697834,25.75,42.357346,135.520004
2013-06-06,59.82995,32.867058,26.209999,42.448068,136.529999
2013-06-07,60.287075,33.534552,27.040001,43.309913,133.279999
2013-06-10,59.888625,33.346528,26.74,43.455062,133.940002
2013-06-11,59.7126,32.754243,26.4,42.52064,133.25
2013-06-12,58.974379,32.904665,25.889999,41.41385,134.25
2013-06-13,59.488813,32.641428,26.370001,42.348276,133.740005
2013-06-14,58.682367,32.340586,26.280001,41.495501,134.429993
2013-06-17,58.948454,32.904665,26.540001,41.513642,133.770004
2013-06-18,58.917067,32.885861,26.66,42.057967,132.130005
2013-06-19,57.720359,32.51921,26.24,40.923961,130.589996
2013-06-20,56.8798,31.485065,25.35,39.517802,123.599998
2013-06-21,56.424042,31.278234,25.190001,39.753673,125.050003
2013-06-24,54.928496,31.701295,24.07,38.937188,123.93
2013-06-25,54.940776,31.654286,24.959999,39.363572,123.470001
2013-06-26,54.318542,32.293577,25.290001,39.717383,118.279999
2013-06-27,53.733151,32.547413,25.469999,39.26378,115.940002
2013-06-28,54.108404,32.472204,25.129999,38.057202,119.110001
2013-07-01,55.840013,32.30298,25.24,38.084414,121.129997
2013-07-02,57.10495,31.908122,24.99,37.31329,120.050003
2013-07-03,57.420159,31.973931,25.59,37.240717,120.739998
2013-07-05,56.958942,32.161958,25.68,37.304219,118.089996
2013-07-08,56.635546,32.274777,25.530001,37.521948,119.510002
2013-07-09,57.631663,32.293577,26.68,37.785041,120.620003
2013-07-10,57.410608,32.622625,26.559999,38.801106,120.949997
2013-07-11,58.30575,33.553355,27.040001,39.708312,124.239998
2013-07-12,58.199317,33.534552,27.23,39.780881,124.129997
2013-07-15,58.326221,34.004619,27.34,40.216346,124.18
2013-07-16,58.702834,34.098634,26.879999,39.980472,124.889999
2013-07-17,58.717846,33.600365,29.66,40.116554,123.32
2013-07-18,58.915704,33.318322,29.66,41.096329,124.010002
2013-07-19,57.986446,29.520184,29.110001,41.849316,125.110001
2013-07-22,58.172025,30.093665,27.860001,42.683938,128.839996
2013-07-23,57.173175,29.91504,27.360001,42.720228,129.710007
2013-07-24,60.109683,30.046659,27.84,43.173831,127.480003
2013-07-25,59.835408,29.510783,28.27,43.718144,128.669998
2013-07-26,60.175183,29.727015,28.110001,43.600215,128.779999
2013-07-29,61.103075,29.651804,27.93,43.300835,128.470001
2013-07-30,61.85767,29.943245,28.049999,41.168909,128.119995
2013-07-31,61.749867,29.933844,28.09,40.815098,127.959999
2013-08-01,62.316154,29.774021,27.959999,41.749513,126.610001
2013-08-02,63.115779,29.98085,27.65,41.577152,126.360001
2013-08-05,64.058683,29.802225,27.67,41.096329,125.699997
2013-08-06,63.485575,29.689409,27.32,40.397785,123.970001
2013-08-07,63.448729,30.140674,27.389999,40.579228,124.150002
2013-08-08,63.322363,30.920983,27.48,41.304991,126.860001
2013-08-09,62.421303,30.742359,27.68,41.604364,126.860001
2013-08-12,64.194571,30.90218,28.35,41.41385,129.130005
2013-08-13,67.245236,30.514009,28.34,41.232411,127.739998
2013-08-14,68.471827,30.627619,28.049999,40.842318,129.0
2013-08-15,68.390784,30.097437,27.139999,40.842318,131.690002
2013-08-16,68.997899,30.106903,27.32,41.205192,132.580002
2013-08-19,69.740994,29.718732,26.91,40.488507,132.009995
2013-08-20,68.82483,29.936488,27.120001,40.470358,132.449997
2013-08-21,69.002021,29.92702,27.059999,39.726454,132.070007
2013-08-22,69.084429,30.66549,27.9,40.706229,132.809998
2013-08-23,68.817964,32.89984,27.99,41.286843,134.899994
2013-08-26,69.085808,32.331786,27.700001,40.83324,135.449997
2013-08-27,67.110628,31.489169,27.0,39.30007,136.75
2013-08-28,67.427922,31.261949,27.110001,39.399862,136.710007
2013-08-29,67.537809,31.763729,27.299999,39.018828,135.869995
2013-08-30,66.922456,31.621718,27.120001,39.390791,134.619995
2013-09-03,67.109257,30.182643,27.780001,39.880673,136.419998
2013-09-04,68.497927,29.538849,28.07,40.189124,134.660004
2013-09-05,68.028163,29.567251,28.23,40.180056,132.199997
2013-09-06,68.433367,29.49151,28.17,40.361495,134.149994
2013-09-09,69.525342,29.974357,29.24,41.096329,133.910004
2013-09-10,67.941633,30.66549,29.48,42.094257,131.740005
2013-09-11,64.242641,30.996858,29.190001,42.565997,131.699997
2013-09-12,64.926677,30.949517,29.65,42.194045,127.669998
2013-09-13,63.856672,31.271415,29.26,42.121476,127.82
2013-09-16,61.826556,31.053661,29.620001,43.137541,126.449997
2013-09-17,62.540807,31.17674,30.0,43.16476,126.5
2013-09-18,63.826457,31.545975,30.440001,44.5437,132.009995
2013-09-19,64.873106,31.848938,31.030001,44.3169,131.75
2013-09-20,64.201437,31.044195,30.93,43.264541,127.959999
2013-09-23,67.392212,30.996858,30.26,43.219184,127.550003
2013-09-24,67.180683,30.722297,31.27,43.273623,127.660004
2013-09-25,66.1409,30.7791,31.34,42.248476,128.789993
2013-09-26,66.785097,31.025259,32.75,42.003535,127.790001
2013-09-27,66.308475,31.498638,33.549999,41.912814,128.970001
2013-09-30,65.484336,31.508104,33.169998,41.622512,128.179993
2013-10-01,67.024098,31.792134,34.310001,42.51157,124.589996
2013-10-02,67.243865,32.114029,34.139999,42.756518,127.059998
2013-10-03,66.399128,32.057226,33.880001,42.529718,127.18
2013-10-04,66.346935,32.076161,34.889999,42.792801,126.529999
2013-10-07,66.995254,31.52704,34.139999,41.994465,127.639999
2013-10-08,66.059857,31.252479,32.93,41.477363,127.400002
2013-10-09,66.835918,31.309286,33.009998,41.758583,126.110001
2013-10-10,67.254853,31.962548,33.869999,43.409705,124.269997
2013-10-11,67.690272,32.312851,34.150002,43.863297,122.599998
2013-10-14,68.133928,32.615813,34.0,44.198967,122.830002
2013-10-15,68.496548,32.653684,33.380001,44.062888,123.730003
2013-10-16,68.830325,32.795696,33.09,45.006384,123.540001
2013-10-17,69.295958,33.060787,32.740002,45.614207,127.419998
2013-10-18,69.898951,33.098658,33.43,46.1041,126.849998
2013-10-21,71.611781,33.127063,34.060001,45.469054,126.980003
2013-10-22,71.407118,32.738892,33.939999,45.732137,129.339996
2013-10-23,72.106258,31.962548,33.099998,44.924734,128.690002
2013-10-24,73.060882,31.92468,33.080002,45.260396,129.899994
2013-10-25,72.243617,33.827662,32.25,45.187823,130.460007
2013-10-28,72.782049,33.676181,32.349998,44.942871,130.559998
2013-10-29,70.968956,33.628844,33.169998,44.988232,129.770004
2013-10-30,72.09802,33.647779,32.57,44.235257,129.600006
2013-10-31,71.795831,33.5247,32.939999,43.836085,127.739998
2013-11-01,71.429096,33.63831,33.18,43.482274,126.949997
2013-11-04,72.352125,34.02648,33.189999,43.083113,126.809998
2013-11-05,72.173562,34.689212,32.970001,42.194045,126.559998
2013-11-06,71.969084,36.14722,32.880001,42.502499,127.199997
2013-11-07,70.804416,35.503424,32.110001,41.994465,126.160004
2013-11-08,71.919346,35.768515,33.119999,42.257558,124.279999
2013-11-11,71.710729,35.588632,33.82,42.239406,123.870003
2013-11-12,71.843356,35.370878,34.07,41.831163,122.449997
2013-11-13,71.929019,36.128284,35.099998,42.012606,122.849998
2013-11-14,72.969346,35.995739,35.689999,41.577152,124.269997
2013-11-15,72.531386,35.825322,35.470001,41.549932,124.32
2013-11-18,71.652698,35.219397,34.98,41.586222,122.900002
2013-11-19,71.779806,35.047688,34.630001,41.45014,122.949997
2013-11-20,71.151187,35.372027,35.619999,40.978389,120.120003
2013-11-21,71.999476,35.677287,36.299999,41.277772,119.940002
2013-11-22,71.814344,35.839455,36.490002,41.976316,119.919998
2013-11-25,72.358687,35.906231,36.290001,42.348276,120.459999
2013-11-26,73.693287,35.629588,36.639999,42.457138,119.82
2013-11-27,75.42855,35.868072,36.959999,42.575068,119.459999
2013-11-29,76.825321,36.373662,36.98,43.509493,120.699997
2013-12-02,76.156644,36.678922,37.009998,43.228262,117.580002
2013-12-03,78.241437,36.545371,36.560001,42.638577,117.959999
2013-12-04,78.059073,37.146349,38.130001,42.348276,119.959999
2013-12-05,78.459728,36.249649,38.869999,41.803955,118.300003
2013-12-06,77.371043,36.593067,38.860001,42.375488,118.550003
2013-12-09,78.256637,36.926944,38.869999,42.411778,119.720001
2013-12-10,78.135055,36.354583,40.220001,42.103327,121.82
2013-12-11,77.556175,35.877614,39.16,41.676944,120.860001
2013-12-12,77.442886,35.505578,39.349998,41.268701,118.290001
2013-12-13,76.598744,34.999989,39.73,41.304991,119.379997
2013-12-16,77.022892,35.190777,39.73,41.994465,119.690002
2013-12-17,76.676114,34.837821,39.509998,41.441073,118.650002
2013-12-18,76.093087,34.895058,40.040001,41.903743,117.610001
2013-12-19,75.221312,34.580257,40.200001,41.686014,114.82
2013-12-20,75.851311,35.104922,40.119999,42.257558,115.940002
2013-12-23,78.762294,34.933213,40.77,42.874451,115.57
2013-12-24,78.427949,35.372027,40.849998,42.992392,116.099998
2013-12-26,77.907099,35.715442,40.650002,43.273623,116.739998
2013-12-27,77.380716,35.572354,40.490002,43.246404,117.120003
2013-12-30,76.611177,35.572354,40.200001,43.808877,115.389999
2013-12-31,77.509204,35.686825,40.439999,43.763516,116.120003
2014-01-02,76.419139,35.448341,39.59,42.330127,118.0
2014-01-03,74.740527,35.209856,40.119999,42.448068,119.290001
2014-01-06,75.148089,34.465786,39.93,42.74744,119.5
2014-01-07,74.61066,34.732887,40.919998,43.727226,118.82
2014-01-08,75.083159,34.112826,41.02,44.797722,118.120003
2014-01-09,74.124341,33.89342,40.919998,44.725142,118.459999
2014-01-10,73.629737,34.379931,41.23,45.786579,120.260002
2014-01-13,74.0152,33.368755,39.990002,47.138306,121.019997
2014-01-14,75.487961,34.131905,41.139999,48.263241,119.889999
2014-01-15,77.003546,35.066764,41.07,49.342808,119.660004
2014-01-16,76.573879,35.190777,40.34,48.907357,119.790001
2014-01-17,74.697696,34.70427,40.009998,47.419537,120.93
2014-01-21,75.858217,34.50394,39.52,46.33997,119.699997
2014-01-22,76.195322,34.274997,40.18,45.986159,119.190002
2014-01-23,76.84052,34.39901,39.389999,46.403472,121.790001
2014-01-24,75.443749,35.114464,37.91,45.133385,122.290001
2014-01-27,76.055789,34.37039,36.650002,45.305757,120.959999
2014-01-28,69.976846,34.599336,38.220001,45.886367,120.949997
2014-01-29,69.182442,34.971372,34.889999,44.933804,122.470001
2014-01-30,69.048427,35.16216,35.310001,45.514415,119.769997
2014-01-31,69.161716,36.097019,36.009998,43.709077,120.089996
2014-02-03,69.290203,34.799662,34.900002,42.575068,121.32
2014-02-04,70.293232,34.675649,35.66,42.774659,120.989998
2014-02-05,70.818229,34.170063,35.490002,43.119392,121.290001
2014-02-06,71.231011,34.513482,36.240002,44.090097,121.239998
2014-02-07,72.22753,34.875979,37.23,44.071959,122.169998
2014-02-10,73.521479,35.104922,37.759998,43.554854,122.919998
2014-02-11,74.4902,35.457878,38.5,44.071959,124.360001
2014-02-12,74.48464,35.744063,38.110001,44.380409,124.43
2014-02-13,75.667398,35.877614,38.52,44.452989,125.489998
2014-02-14,75.606251,35.887151,38.23,44.380409,127.150002
2014-02-18,75.884219,35.964038,38.310001,44.806793,127.400002
2014-02-19,74.686171,36.050537,37.810001,43.863297,126.269997
2014-02-20,73.821685,36.2812,37.790001,43.845156,127.599998
2014-02-21,73.001675,36.502251,37.290001,43.645575,127.580002
2014-02-24,73.321344,36.223534,37.419998,44.344119,128.990005
2014-02-25,72.558317,36.079372,37.259998,43.944948,129.210007
2014-02-26,71.903698,36.012096,37.619999,43.400634,128.110001
2014-02-27,73.338022,36.386921,38.470001,43.500423,128.199997
2014-02-28,73.139268,36.819413,38.669998,43.854226,127.620003
2014-03-03,73.350529,36.310032,38.25,42.51157,130.289993
2014-03-04,73.834192,36.91552,39.630001,43.228262,128.679993
2014-03-05,73.989858,36.627194,39.5,43.074032,128.889999
2014-03-06,73.76609,36.665638,39.66,43.845156,130.169998
2014-03-07,73.723009,36.425365,38.700001,42.810942,129.089996
2014-03-10,73.789716,36.348476,38.049999,42.194045,129.130005
2014-03-11,74.508266,36.540695,37.560001,41.604364,129.860001
2014-03-12,74.58054,36.780968,37.5,41.114471,131.759995
2014-03-13,73.752195,36.415753,37.23,39.445219,132.210007
2014-03-14,72.923842,36.233146,37.599998,39.281921,133.100006
2014-03-17,73.208765,36.569527,39.110001,39.672022,131.639999
2014-03-18,73.85643,38.011164,39.450001,40.452217,130.619995
2014-03-19,73.836975,37.74206,38.610001,40.561076,128.089996
2014-03-20,73.481174,38.760818,37.77,40.651797,127.860001
2014-03-21,74.060737,38.59743,37.939999,40.152834,128.470001
2014-03-24,74.939125,38.924202,36.68,39.835313,126.18
2014-03-25,75.745232,38.770427,35.93,40.252636,126.410004
2014-03-26,75.021122,38.241828,35.450001,40.016762,125.410004
2014-03-27,74.698678,37.828558,35.59,39.789963,124.589996
2014-03-28,74.615285,38.731983,35.900002,40.207276,124.559998
2014-03-31,74.598606,39.395138,35.900002,40.669946,123.610001
2014-04-01,75.281023,39.808404,36.490002,41.613434,123.389999
2014-04-02,75.406109,39.741128,36.639999,41.758583,124.32
2014-04-03,74.883529,39.414357,35.759998,40.842318,123.919998
2014-04-04,73.914809,38.318713,34.259998,40.860459,125.57
2014-04-07,72.754281,38.251437,33.07,40.243555,124.910004
2014-04-08,72.750117,38.270659,33.830002,40.288916,126.089996
2014-04-09,73.706331,38.89537,34.869999,41.014679,126.32
2014-04-10,72.755676,37.828558,33.400002,39.880673,127.010002
2014-04-11,72.217806,37.684393,32.869999,39.290999,126.93
2014-04-14,72.505498,37.655561,33.450001,39.690164,127.849998
2014-04-15,71.988478,38.203383,34.209999,39.245631,125.489998
2014-04-16,72.134414,38.828094,36.349998,39.445219,125.540001
2014-04-17,72.958595,38.453265,36.380001,40.180056,124.75
2014-04-21,73.824468,38.385989,36.400002,40.043974,124.239998
2014-04-22,73.89813,38.434047,36.139999,40.343354,123.779999
2014-04-23,72.932185,38.145716,35.439999,40.170986,123.760002
2014-04-24,78.911303,38.309104,35.240002,39.898822,124.559998
2014-04-25,79.490866,38.357158,34.48,39.1912,125.43
2014-04-28,82.569381,39.279804,33.990002,39.52687,124.879997
2014-04-29,82.324762,38.933811,35.830002,40.325206,124.860001
2014-04-30,82.013437,38.828094,35.950001,39.944182,124.220001
2014-05-01,82.206632,38.443656,36.509998,40.098406,123.800003
2014-05-02,82.359515,38.145716,36.869999,39.735524,125.059998
2014-05-05,83.524199,37.895834,36.91,39.363572,126.220001
2014-05-06,82.613857,37.540231,36.490002,38.474515,125.980003
2014-05-07,82.324762,37.886221,34.07,38.637805,124.169998
2014-05-08,82.178015,38.097662,33.919998,38.891828,124.169998
2014-05-09,81.835602,38.001555,33.759998,38.528946,124.099998
2014-05-12,82.854458,38.414824,34.450001,38.937188,124.940002
2014-05-13,82.984437,39.121369,34.400002,39.009757,124.599998
2014-05-14,82.999806,38.947155,34.169998,38.601515,125.809998
2014-05-15,82.294014,38.327714,33.799999,38.166064,124.769997
2014-05-16,83.50854,38.550328,33.41,38.256782,124.5
2014-05-19,84.498047,38.472896,33.889999,37.794112,124.580002
2014-05-20,84.514819,38.405146,33.869999,37.567309,124.690002
2014-05-21,84.738434,39.053618,34.360001,37.54916,124.389999
2014-05-22,84.8726,38.81165,34.700001,37.69432,124.669998
2014-05-23,85.831363,38.831008,35.02,37.902669,124.510002
2014-05-27,87.438617,38.898759,35.119999,38.423536,121.849998
2014-05-28,87.212202,38.724541,34.779999,38.274719,121.199997
2014-05-29,88.801281,39.043941,34.900002,38.163099,120.940002
2014-05-30,88.468654,39.624662,34.650002,37.698034,120.43
2014-06-02,87.860693,39.479484,34.869999,37.595721,119.699997
2014-06-03,89.103164,38.995548,34.650002,37.512018,120.010002
2014-06-04,90.120624,39.024583,34.73,37.698034,119.760002
2014-06-05,90.474218,39.885988,34.939999,36.684202,120.660004
2014-06-06,90.225449,40.147314,35.919998,37.762703,120.610001
2014-06-09,91.669173,39.944062,36.040001,37.587243,120.650002
2014-06-10,92.207256,39.789202,36.310001,37.236324,121.389999
2014-06-11,91.825709,39.547234,36.630001,37.021873,121.410004
2014-06-12,90.289737,39.276232,36.779999,36.77818,122.639999
2014-06-13,89.301625,39.905346,36.939999,36.641712,122.959999
2014-06-16,90.201684,40.166672,34.810001,36.349281,122.419998
2014-06-17,90.084289,40.340889,34.43,36.037354,122.279999
2014-06-18,90.182121,40.311854,34.939999,36.573479,122.669998
2014-06-19,89.869056,40.176349,34.68,37.021873,126.940002
2014-06-20,88.939649,40.340889,34.049999,35.930129,126.5
2014-06-23,88.861381,40.64093,33.639999,35.813157,126.849998
2014-06-24,88.323299,40.40864,33.48,35.423246,126.980003
2014-06-25,88.401567,40.679642,33.25,35.559714,126.989998
2014-06-26,88.929864,40.379605,33.66,34.614183,126.730003
2014-06-27,89.986458,40.892575,34.25,34.653175,126.660004
2014-06-30,90.915865,40.360247,35.130001,34.29251,128.039993
2014-07-01,91.493074,40.524783,35.349998,34.38024,127.699997
2014-07-02,91.453948,40.553822,35.880001,34.350998,127.699997
2014-07-03,91.992023,40.457032,36.139999,35.130815,127.160004
2014-07-07,93.889978,40.64093,35.52,34.565445,127.019997
2014-07-08,93.283413,40.437675,34.529999,33.951341,127.07
2014-07-09,93.322547,40.331208,34.849998,34.692167,127.839996
2014-07-10,92.980134,40.350566,34.93,33.81487,128.539993
2014-07-11,93.156233,40.737716,35.43,33.805123,128.779999
2014-07-14,94.359571,40.786109,35.700001,34.565445,125.720001
2014-07-15,93.254065,41.08615,35.610001,35.199049,124.529999
2014-07-16,92.725767,42.663782,33.790001,35.637697,124.970001
2014-07-17,91.072394,43.099321,33.209999,34.828634,127.089996
2014-07-18,92.383355,43.254181,33.330002,35.247787,126.129997
2014-07-21,91.903977,43.399363,33.279999,34.945606,126.339996
2014-07-22,92.66707,43.389686,33.599998,33.922095,125.739998
2014-07-23,95.083537,43.428398,34.709999,34.750654,125.620003
2014-07-24,94.927002,42.973501,36.169998,35.394004,124.349998
2014-07-25,95.55313,43.070286,36.119999,34.965102,125.790001
2014-07-28,96.873869,42.557316,35.900002,34.965102,125.580002
2014-07-29,96.247741,42.479884,35.68,34.789642,125.199997
2014-07-30,96.02273,42.179846,36.599998,34.477715,124.830002
2014-07-31,93.527995,41.773338,35.810001,33.298241,123.389999
2014-08-01,94.046507,41.482978,35.619999,33.08379,124.379997
2014-08-04,93.518209,41.976591,36.529999,32.937576,123.989998
2014-08-05,93.058402,41.695911,35.700001,31.992045,123.870003
2014-08-06,92.901867,41.366834,35.790001,31.992045,125.669998
2014-08-07,92.892042,41.841089,35.66,31.777594,126.18
2014-08-08,93.147667,41.812054,35.91,32.459936,126.190002
2014-08-11,94.376658,41.812054,35.790001,32.050533,125.959999
2014-08-12,94.356997,42.121773,35.52,31.962803,125.989998
2014-08-13,95.605649,42.663782,36.189999,32.323468,126.199997
2014-08-14,95.861281,42.847676,36.360001,32.313722,126.309998
2014-08-15,96.333216,43.35097,36.470001,32.099271,125.480003
2014-08-18,97.493384,43.660689,37.380001,32.177251,124.959999
2014-08-19,98.840353,44.147649,37.830002,32.264981,124.68
2014-08-20,98.879682,43.77756,37.5,32.206497,124.220001
2014-08-21,98.889516,44.040517,37.639999,32.518424,122.879997
2014-08-22,99.617076,43.972344,38.009998,32.45019,123.190002
2014-08-25,99.83338,43.991819,37.709999,33.035052,122.739998
2014-08-26,99.194303,43.835992,37.790001,33.678402,123.349998
2014-08-27,100.41346,43.699644,38.18,34.195034,123.32
2014-08-28,100.531446,43.709386,38.310001,33.532188,124.0
2014-08-29,100.777244,44.245039,38.509998,33.444459,123.860001
2014-09-02,101.563801,43.913907,39.27,33.337233,121.650002
2014-09-03,97.27708,43.787297,38.869999,34.097555,122.150002
2014-09-04,96.470863,44.079471,39.189999,33.990329,121.480003
2014-09-05,97.306575,44.712519,39.59,34.273014,122.059998
2014-09-08,96.706827,45.257913,41.810001,34.039067,120.730003
2014-09-09,96.343043,45.540346,40.779999,33.834365,120.870003
2014-09-10,99.302455,45.618262,41.139999,34.399735,120.260002
2014-09-11,99.725228,45.774088,41.259998,34.360744,119.470001
2014-09-12,99.951366,45.481914,42.880001,34.146292,118.379997
